{"init_params": {"cat_dims": [], "cat_emb_dim": [], "cat_idxs": [], "clip_value": 3.2800138557559415, "device_name": "auto", "epsilon": 1e-15, "gamma": 1.7804479982960757, "grouped_features": [], "input_dim": 8, "lambda_sparse": 0.0014371433136250397, "mask_type": "entmax", "momentum": 0.29227310609875534, "n_a": 7, "n_d": 16, "n_indep_decoder": 1, "n_independent": 1, "n_shared": 2, "n_shared_decoder": 1, "n_steps": 3, "optimizer_params": {"lr": 0.017839191432910812}, "output_dim": 2, "scheduler_params": {"mode": "min", "patience": 5, "factor": 0.9}, "seed": 42, "verbose": 0}, "class_attrs": {"preds_mapper": {"0": 0, "1": 1}}}